,node_id,score,call_rate
0,0,6.9420404,0.0
1,1,19.363438,0.0
2,2,19.442003,0.0
3,3,6.920288,1.0
4,4,21.950544,1.0
5,5,25.382084,1.0
