,node_id,score,call_rate
0,0,29.281324,0.0
1,1,29.237543,0.0
2,2,26.289251,0.0
3,3,7.2545395,1.0
4,4,3.9687927,1.0
5,5,3.9681673,1.0
