,node_id,score,call_rate
0,0,10.642674,1.0
1,1,10.76838,1.0
2,2,10.802758,1.0
3,3,46.465187,2.0
4,4,10.65721,2.0
5,5,10.664139,2.0
