,node_id,score,call_rate
0,0,45.898624,0.0
1,1,6.618036,0.0
2,2,6.9446173,0.0
3,3,27.656164,1.0
4,4,6.394242,1.0
5,5,6.488574,1.0
