,node_id,score,call_rate
0,0,0.0007498937,0.0
1,1,0.00070958206,0.0
2,2,0.0006906906,0.0
3,3,0.00068773347,0.0
4,4,0.00070181035,0.0
5,5,0.0007371046,0.0
6,6,0.0008012702,0.0
7,7,0.0008946001,0.0
8,8,0.001015118,0.0
9,9,0.0011237154,0.0
10,10,0.004671214,1.0
11,11,0.0046922453,1.0
12,12,0.004670969,1.0
13,13,0.004656458,1.0
14,14,0.0046989564,1.0
15,15,0.0046714093,1.0
16,16,0.0046688607,1.0
17,17,0.004667084,1.0
18,18,0.0046880804,1.0
19,19,0.004682129,1.0
