node_id,score,call_rate
0,46.700977,0
1,6.6880207,0
2,6.81235,0
3,26.75852,1
4,6.503667,1
5,6.5362487,1
