,node_id,score,call_rate
0,0,32.220364,0.0
1,1,13.338482,0.0
2,2,14.113885,0.0
3,3,11.206983,1.0
4,4,14.091949,1.0
5,5,15.028092,1.0
