,node_id,score,call_rate
0,0,0.014714334,0.0
1,1,0.10782475,0.0
2,2,0.0020026627,0.0
3,3,0.0034905009,1.0
4,4,0.08223076,1.0
5,5,0.0068064015,1.0
