,node_id,score,call_rate
0,0,10.7268305,0.0
1,1,10.766492,0.0
2,2,10.798789,0.0
3,3,46.245644,1.0
4,4,10.729096,1.0
5,5,10.732574,1.0
