,node_id,score,call_rate
0,0,0.024849357,0.0
1,1,0.048701704,0.0
2,2,0.107423924,0.0
3,3,0.009156287,1.0
4,4,0.0071653477,1.0
5,5,0.0071237907,1.0
