,node_id,score,call_rate
0,0,5.0002055,0.0
1,1,5.0002055,0.0
2,2,5.0002055,0.0
3,3,5.0002055,0.0
4,4,5.0002055,0.0
5,5,5.0002055,0.0
6,6,5.0002055,0.0
7,7,5.0002055,0.0
8,8,5.0002055,0.0
9,9,5.0002055,0.0
10,10,5.0002055,1.0
11,11,5.000206,1.0
12,12,5.0002055,1.0
13,13,5.0002055,1.0
14,14,5.0002055,1.0
15,15,5.0002055,1.0
16,16,5.0002055,1.0
17,17,5.0002055,1.0
18,18,5.0002055,1.0
19,19,5.0002055,1.0
