,node_id,score,call_rate
0,0,46.700977,0.0
1,1,6.6880207,0.0
2,2,6.81235,0.0
3,3,26.75852,1.0
4,4,6.503667,1.0
5,5,6.5362487,1.0
